COMERCIO,COMENT√ÅRIO,DATA,AVALIACAO,SETOR,TextBlob,Unnamed: 6
Nova Op√ß√£o de Bilhar,"Ambiente agrad√°vel, arejado e ventilado, atendimento ok. Mesas razoavelmente boas, com algumas descaidas. Comi o palito de queijo que quando fritou, abriu e saiu quase todo queijo e estava completamente enxarcado de gordura, achei muito caro pelo que foi entregue!",27/062023,4,Leste universit√°rio,,
Nova Op√ß√£o de Bilhar,O atendimento e ruim o dono e homofobico racista e mal educado,2019-06-24 00:00:00,1,Leste universit√°rio,,
Nova Op√ß√£o de Bilhar,"Lugar agrad√°vel, ambiente bom para encontrar com amigos, cerveja gelada e espetinho gostoso, pre√ßo acess√≠vel. Atendimento bom!!!",2023-04-05 00:00:00,3,Leste universit√°rio,,
Nova Op√ß√£o de Bilhar,"Melhor lugar do mundo! Mais conhecido por mim e pelos meus amigos como Bar da reflex√£o kkk local onde vc sempre pode colocar o papo em dia com a galera com excelente atendimento, cerveja gelada e em conta com uma comida maravilhosa",2023-01-15 00:00:00,5,Leste universit√°rio,,
Nova Op√ß√£o de Bilhar,Amei pagar 13$ na Ant√°rtica Litr√£o. Ficou at√© mais gostosa rsr,2023-06-26 00:00:00,5,Leste universit√°rio,,
Nova Op√ß√£o de Bilhar,"Para quem quer um lugar com pre√ßos mais em conta, reunir com a galera pra tomar uma e jogar sinuca √© excelente. Mas n√£o espere um atendimento diferenciado, pelo menos na minha experi√™ncia nesse quesito foi bem de ok pra ruim.",2022-12-15 00:00:00,4,Leste universit√°rio,,
Nova Op√ß√£o de Bilhar,"Muito bom √© um lugar agrad√°vel com pre√ßo acess√≠vel e com o atendimento bom, √© bom para ir com amigos ou de casalzinho ou n√£o sei talvez quem deve rol√™ uma paquera",2021-07-28 00:00:00,5,Leste universit√°rio,,
Nova Op√ß√£o de Bilhar,"O atendimento nesse estabelecimento √© por cara. Se gostar da cara da pessoa √© bem atendido se n√£o gostar √© descart√°vel. N√£o efeito indiferen√ßa, gar√ßom tem que atender gostando ou n√£o do cliente , n√£o existe isso de gostar ou n√£o do cliente . Vc t√° sendo pago para atender . Se pudesse escolher na vrdd nem trabalharia ‚Ä¶ pessoas s√£o mesmo dif√≠ceis de atender , mas n√£o se faz sele√ß√£o . N√£o concordo com isso! Falha do dono que n√£o percebe esse erro feio de gar√ßons ! Trabalho com pessoas √© mesmo n√£o gostando eu atendo! Zero na nota de atendimento e zero na organiza√ß√£o de clientes para jogar bilhar ! üòâ",2022-11-14 00:00:00,1,Leste universit√°rio,,
Nova Op√ß√£o de Bilhar,"Bom pra beber uns litr√£o e ensinar os amigo pato a jogar sinuca! Kkk jogar n√£o, dar aula.",2023-02-04 00:00:00,5,Leste universit√°rio,,
Nova Op√ß√£o de Bilhar,Melhores mesas do universit√°rio!,2023-05-05 00:00:00,5,Leste universit√°rio,,
Nova Op√ß√£o de Bilhar,Melhor local do universit√°rio. Pre√ßo justo. Comidinhas gostosas. Atendimento tranquilo.Local com diversidade de p√∫blico. Ponto que chama muita aten√ß√£o,2023-02-24 00:00:00,5,Leste universit√°rio,,
Nova Op√ß√£o de Bilhar,"Litr√£o super gelado e espa√ßo bacana. Mas j√° passei situa√ß√µes de preconceito de clientes que se acham no direito de se intrometer na vida particular de pessoas LGBT, bastante desagrad√°vel. Fora isso recomendo o bar! 4 estrelas!",2022-12-17 00:00:00,4,Leste universit√°rio,,
Nova Op√ß√£o de Bilhar,Melhor lugar pra brincar de sinuca tomando uma coca cola gelada,2 meses atr√°s,5,Leste universit√°rio,,
Nova Op√ß√£o de Bilhar,"Fecha cedo, poucas op√ß√µes de bebida, poucas op√ß√µes de comida atendimento razo√°vel...",2 meses atr√°s,3,Leste universit√°rio,,
Nova Op√ß√£o de Bilhar,√ìtima jantinha e cerveja super gelada.,um m√™s atr√°s,5,Leste universit√°rio,,
Nova Op√ß√£o de Bilhar,"Amo o lugar, t√¥ sempre. Os funcion√°rios s√£o tudo gente boa  (Rose, Alan, Francisco e Caio) lugar top, cerveja gelada e comida gostosa üçª ‚Ä¶",9 meses atr√°s,5,Leste universit√°rio,,
Nova Op√ß√£o de Bilhar,Jantinha deliciosa! Espetinhos honestos. Cerveja gelada!,4 meses atr√°s,4,Leste universit√°rio,,
Nova Op√ß√£o de Bilhar,"Barzinho √≥timo, pre√ßos acess√≠veis, cerveja bem gelada, comida saborosa, card√°pio relativamente amplo; funcion√°rios alegres, bem educados, prestativos, servem r√°pido.",um ano atr√°s,5,Leste universit√°rio,,
Nova Op√ß√£o de Bilhar,"As mesas de sinuca s√£o boas, mas o ambiente ainda n√£o √© refrigerado, deixa a desejar na higieniza√ß√£o, a jantinha que pedi demorou 1 hora para ser servida, enfim, tem que melhorar um pouco mais",um ano atr√°s,2,Leste universit√°rio,,
Nova Op√ß√£o de Bilhar,Lugar muito bom pra tomar aquela cerveja gelada. E jogar uma sinuca ( bilhar ) da melhor forma poss√≠vel mesa bem alinhada muito bom pra fazer jogadas e tabelas incr√≠veis,um ano atr√°s,5,Leste universit√°rio,,
Nova Op√ß√£o de Bilhar,"Amo o lugar, excelentes funcion√°rios‚Ä¶ Quero parabenizar o gar√ßom Luciano, nota 10000 üôÉ ",7 meses atr√°s,4,Leste universit√°rio,,
Nova Op√ß√£o de Bilhar,Atendimento mais ou menos e ainda quer 10%,um m√™s atr√°s,3,Leste universit√°rio,,
Nova Op√ß√£o de Bilhar,"Local ideal para tomar aquele litr√£o em conta e encontrar os amigos! Ambiente agrad√°vel e de f√°cil acesso. Tem sinuca, jantinhas e por√ß√µes. Os banheiros geralmente s√£o limpos.",um ano atr√°s,5,Leste universit√°rio,,
Nova Op√ß√£o de Bilhar,"√â um boteco cl√°ssico como tantos outros de Goi√¢nia. O maior diferencial, al√©m do bom atendimento, est√° na excelente trilha sonora, que vai para o lado do pop e do rock, em vez do tradicional sertanejo que domina a maioria dos lugares.",um ano atr√°s,5,Leste universit√°rio,,
Nova Op√ß√£o de Bilhar,"√ìtimo bar para quem procura bebidas super gelada. Jantinha de qualidade,  espetinho delicioso! Valores acess√≠veis!",um ano atr√°s,5,Leste universit√°rio,,
Nova Op√ß√£o de Bilhar,"Bar √© legal pra beber uma cerveja gelada o pre√ßo tamb√©m √© atrativo para o litr√£o, tem bons gar√ßons, e a jantinha n√£o provei mas minha namorada gostou, o ponto negativo s√£o os banheiros, pelo tamanho do bar deveria ter pelo menos uns 3 a 4 mict√≥rios ou vazos sanit√°rios. Tem apenas um vazo sanit√°rio e a higiene do banheiro √© horr√≠vel.",3 anos atr√°s,3,Leste universit√°rio,,
Nova Op√ß√£o de Bilhar,"J√° foi um dos lugares que mais frequentava semanalmente. Desde que mudaram os gar√ßons,  pedidos n√£o s√£o anotados, valores s√£o contabilizados errados, demoras desproporcionais por conta de desorganiza√ß√£o, gar√ßons literalmente ignorando pessoas nas mesas, al√©m  doda cobran√ßas 10% (que √© recente e opcional para o cliente). Infelizmente evito ir porque ocorrem situa√ß√µes de estresse e n√£o √© meu objetivo quando pretendo sair. Entendo que por padr√£o n√£o √© o lugar para se ter o melhor atendimento da cidade, por√©m est√° invi√°vel ter problemas todas as √∫ltimas vezes no √∫ltimo m√™s.",4 anos atr√°s,2,Leste universit√°rio,,
Nova Op√ß√£o de Bilhar,"Perfeito lugar, minha segunda casa. Cerveja de garrafa e uma cinuca de primeira. Recomendo sempre. Gar√ßons super educados!",um ano atr√°s,5,Leste universit√°rio,,
Nova Op√ß√£o de Bilhar,"J√° visitei algumas vezes, joguei muita sinuca com amigos e amigas nesse lugar. A jantinha √© at√© que boa. Pre√ßo bom no litr√£o. Por√©m, recentemente descobri que o dono foi homof√≥bico com alguns clientes. Na sociedade de hoje isso √© inadmiss√≠vel, claramente n√£o ser√° mais uma op√ß√£o de bilhar.",3 ano atr√°s,1,Leste universit√°rio,,
Nova Op√ß√£o de Bilhar,"T√≠pico bar de estudante. Mesas de sinuca, espetinho e cerveja. Lugar descontra√≠do.",7 meses atr√°s,4,Leste universit√°rio,,
Nova Op√ß√£o de Bilhar,Local √≥timo!!!! Atendimento maravilhoso!,um m√™s atr√°s,5,Leste universit√°rio,,
Nova Op√ß√£o de Bilhar,"Achei o lugar bem abafado, mas fora isso muito bom",2 anos atr√°s,5,Leste universit√°rio,,
Nova Op√ß√£o de Bilhar,"Muito bom, lugar tranquilo e m√∫sica agrad√°vel(n√£o √© alta), vale a pena.",um ano atr√°s,5,Leste universit√°rio,,
Nova Op√ß√£o de Bilhar,"O lugar √© bem legal, amplo com muitas mesas de sinuca e a cerveja gelada e espetinhos gostosos. S√≥ o que tenho a reclamar √© sobre o pessoal do bar n√£o ter feito nada em rela√ß√£o a um cara que nos incomodou na mesa, um estranho chegou e sentou na nossa mesa reclamamos mas os gar√ßons n√£o fizeram nada ent√£o s√≥ mudamos de mesa.",5 anos atr√°s,4,Leste universit√°rio,,
Nova Op√ß√£o de Bilhar,"Lugar √© muito bom, precisa melhor a parte da sinuca √© muito quente, mesmo ap√≥s ligar o ventilador gigante fica abafado ameniza bastante, mas ainda abafado. Mas a cerveja √© bem gelada.",4 anos atr√°s,3,Leste universit√°rio,,
Nova Op√ß√£o de Bilhar,Muito bom o lugar adoro ir l√°.,Muito bom o lugar adoro ir l√°.,5,Leste universit√°rio,,
Nova Op√ß√£o de Bilhar,Lugar muito agrad√°vel tranquilo pode ir cm ha familia cerveja bem gelada bom petisco uma jantinha muito gostosa e barata va e confira sempre vai estar la to la tds os dias vcs nao vai se arrepender bom atendimento show de bola,4 anos atr√°s,5,Leste universit√°rio,,
Nova Op√ß√£o de Bilhar,"√ìtimo passa tempo, tem cerveja com o buqu√™, e d√° pra errar umas bolinha de sinuca com sucesso ü§ô",um ano atr√°s,5,Leste universit√°rio,,
Nova Op√ß√£o de Bilhar,"Um √≥timo lugar para pessoas LGBTs, cerveja Ant√°rtica 7,50, infelizmente n√£o vende Itaipava.Mas quando chega √†s 23h os clientes s√£o expulsos.Apesar dos pesares gosto muito do ambiente!",um ano atr√°s,4,Leste universit√°rio,,
Nova Op√ß√£o de Bilhar,Ambiente tranquilo para jogar uma sinuca ou mesmo para comer um petisco.,9 meses atr√°s,5,Leste universit√°rio,,
Nova Op√ß√£o de Bilhar,"Cervejaaaa super gelada, o ambiente agrad√°vel e o atendimento do funcion√°rio Alan impec√°vel, atencioso e cordial. üëèüèªüëçüèª ‚Ä¶",um ano atr√°s,5,Leste universit√°rio,,
Nova Op√ß√£o de Bilhar,"Botec√£o. Cerveja gelada, tira gostos e sinuca. Aberto at√© tarde (Pena que fecha.) Para beber sem frescura, melhor da cidade.",2 anos atr√°s,5,Leste universit√°rio,,
Nova Op√ß√£o de Bilhar,"Servi√ßo p√©ssimo, falta de respeito com cliente, comida cara de qualidade ordin√°ria, n√£o recomendo :)",um ano atr√°s,1,Leste universit√°rio,,
Nova Op√ß√£o de Bilhar,"Cerveja gelada no ponto certo, excelente card√°pio, sabor da comida bem caseiro. Lugar simples mas que proporciona bons momentos.",2 anos atr√°s,5,Leste universit√°rio,,
Nova Op√ß√£o de Bilhar,"A cerveja √© bem barata, por√©m n√£o muito confi√°vel referente a originalidade. O atendimento √© bom. Comida poderia ser mais acess√≠vel pelo ambiente e qualidade.",3 anos atr√°s,3,Leste universit√°rio,,
Nova Op√ß√£o de Bilhar,"Lugar tranquilo, tem 6 mesas de sinuca. Cerveja e comida boa.",um ano atr√°s,4,Leste universit√°rio,,
Nova Op√ß√£o de Bilhar,cerveja bem gelada mesas de sinuca otimas pre√ßo bacana. publico jovem e descolados e diversos gar√ßons bem preparados otimo local,2 anos atr√°s,5,Leste universit√°rio,,
Nova Op√ß√£o de Bilhar,"Horr√≠vel !!!!! Pedi um torresmo , miseric√≥rdia passei at√© mau! Frio , caro , e n√£o era torresmo do porco , parecia aqueles de saquinho que compra pra crian√ßa no mercado ! Affs",2 anos atr√°s,1,Leste universit√°rio,,
Nova Op√ß√£o de Bilhar,P√©ssimo lugar n√£o recomendo. Atendimento nota zero. √önica coisa boa foi o feij√£o. Lugar at√© fede,2 anos atr√°s,1,Leste universit√°rio,,
Nova Op√ß√£o de Bilhar,"Melhor bar de Goi√¢nia, cerveja geladissima, vinagrete top demais, espetinho na hora. Perfeito",um ano atr√°s,5,Leste universit√°rio,,
Nova Op√ß√£o de Bilhar,O que antes era a melhor op√ß√£o tem se tornar no a pior op√ß√£o. Houve uma mudan√ßa na equipe de atendimento e simplesmente est√° imposs√≠vel ter uma boa noite de divers√£o no lugar. Muito triste pelo que o estabelecimento se tornou.,4 anos atr√°s,1,Leste universit√°rio,,
Gl√≥ria Bar e Restaurante,"Visitei o local em hor√°rio de almo√ßo, o atendimento foi excelente, local super agrad√°vel, comida excelente... mas os valores s√£o bem salgados.",um m√™s atr√°s,5,Sul,,28/7
Gl√≥ria Bar e Restaurante,"√â bacana! Mas achei muito caro, comparando a outros bares bons de Goi√¢nia!",2 meses atr√°s,5,Sul,,
Gl√≥ria Bar e Restaurante,Ambiente super agrad√°vel! Atendimento nata 10 ! Gar√ßom Fred super atencioso .,5 meses atr√°s,5,Sul,,
Gl√≥ria Bar e Restaurante,"Um super ""boteco"" . Agrad√°vel, ilumina√ß√£o super boa, m√∫sica muito legal e um atendimento primoroso. Os gar√ßons s√£o praticamente amigos, m√£os que atendentes. Muita comida boa, petiscos √≥timos e uma cerveja super gelada. Chopp tambem √© √≥timo, inclusive um chopp IPA. N√£o funciona as ter√ßas-feiras. Um lugar descontra√≠do, plural, com gente interessante. Vale muito a visita.",4 semanas atr√°s,4,Sul,,
Gl√≥ria Bar e Restaurante,"Restaurante/bar de f√°cil acesso em Goi√¢nia, tem fabrica√ß√£o pr√≥pria do Chopp excelente, o melhor que tomei, o volume do som √© agrad√°vel assim como todo restante, comida √© servida r√°pida, pena que n√£o d√° pra levar as crian√ßas pq n√£o tem playground. Mas ir com amigos √© top",9 meses atr√°s,5,Sul,,
Gl√≥ria Bar e Restaurante,"Ainda longe de ser um boteco tradicional! Comida sem sal, parmegiana muito molho, faltou sabor, queijo de baixa qualidade! Atendimento razo√°vel! Cobram 10 reais um p√£o franc√™s para xuxar o p√£o no molho da carne! N√£o vale o pre√ßo!",3 semanas atr√°s,2,Sul,,
Gl√≥ria Bar e Restaurante,"A comida estava t√£o gostosa que nem deu tempo de tirar foto. A m√∫sica sempre muito boa, mpb, samba e afins. Os drinks da foto s√£o o mojito de tangerina e moscou mule: ambos gostosos e refrescantes para acompanhar a feijoada. Estacionar por perto √©, na maioria das vezes, um desafio por estar sempre cheio.",um ano atr√°s,5,Sul,,
Gl√≥ria Bar e Restaurante,"Boteco que tinha tudo pra dar certo, boa localiza√ß√£o, por√©m peca No atendimento, na entrega, os pratos demoram muito, al√©m disso n√£o s√£o bons. Estive no boteco pelo menos por tr√™s vezes pra escrever essa avalia√ß√£o",3 semanas atr√°s,2,Sul,,
Gl√≥ria Bar e Restaurante,"Bar maravilhoso em tudo: bons petiscos, chope gelado, musica excelente   pessoal simp√°tico e atencioso. Amei.",8 meses atr√°s,5,Sul,,
Gl√≥ria Bar e Restaurante,"Sabe aquele bar raiz e que nos remete ao Rio de Janeiro? √â o Gl√≥ria. V√°rios quadros nas paredes, piso quadriculado, cal√ßada de pedra portuguesa. Atendimento excepcional dos gar√ßons e gar√ßonetes. Cerveja estupidamente gelada e o torresmo estava maravilhoso, bem sequinho, crocante e ao mesmo tempo suculento.",um ano atr√°s,5,Sul,,
Gl√≥ria Bar e Restaurante,"O ambiente √© muito interessante. A comida uma del√≠cia. MAS o atendimento n√£o foi bom. Logo quando chegamos o gar√ßom j√° n√£o foi muito receptivo. Eu estava com meu esposo, o gar√ßom ficou perguntando se √©ramos irm√£os e questionando quest√µes relacionadas √† idade dele (em nenhum momento foi solicitada a identidade). Fui ao caixa fechar a conta e decidi n√£o pagar os 10% (al√©m de eu n√£o ter gostado do atendimento, tinha um aviso dizendo que, por lei, n√£o √© obrigat√≥rio pagar). A mo√ßa que me atendeu foi super grossa, questionou o motivo de eu n√£o querer pagar e ficou gritando para o dono e para o gar√ßom que era sem os 10%. Foi t√£o constrangedor que eu desisti de relatar o ocorrido com o gar√ßom. O problema desses lugares √© que trabalhador n√£o gosta de atender trabalhador. Gosta de atender quem parece ser rico.",5 meses atr√°s,4,Sul,,
Gl√≥ria Bar e Restaurante,"Excelente ! √â um bar ao estilo carioca, com lugares internos e externos (na cal√ßada). Chopp gostoso e gelado, drinks e espumante, tira-gostos e pratos saborosos. O pastel de carne com pequi √© imperd√≠vel.",2 meses atr√°s,4,Sul,,
Gl√≥ria Bar e Restaurante,"A feijoada √© de boa qualidade. Excelente torresmo. Acho que vem couve refogada em excesso. Bons produtos e mat√©ria prima. Por√©m, acho o valor alto de mais. Tem feijoadas t√£o boas quanto espalhadas pela cidade que n√£o s√£o t√£o caras. Encontro nos concorrentes pela metade do pre√ßo em bons estabelecimentos. N√£o acho que valha a pena gastar tanto num prato t√£o simples. Pode ter ganhado v√°rios pr√™mios outrora de revistas especializada por√©m, isso n√£o deveria refletir no pre√ßo. Parece feijoada de grife ou o termo da moda gourmet, de t√£o cara. Poderiam adequar o pre√ßo para atingir um p√∫blico maior de pessoas. N√£o seria dem√©rito nenhum reestruturar o card√°pio e colocar os pre√ßos dentro da realidade econ√¥mica brasileira. Dif√≠cil fazer essa extravag√¢ncia em comer a feijoada do Gl√≥ria mais de uma vez por m√™s. Acho que nem valha a pena, o sacrif√≠cio financeiro!",10 meses atr√°s,3,Sul,,
Gl√≥ria Bar e Restaurante,"Lugar super animado, m√∫sica brasileira boa (tanto as playlists quanto as apresenta√ß√µes ao vivo), atendimento caloroso. Diversas op√ß√µes de petiscos, pratos e bebidas. Decora√ß√£o √© um atrativo √† parte, cheio de detalhes que remetem √† artes e esportes.",4 meses atr√°s,5,Sul,,
Gl√≥ria Bar e Restaurante,Na sua categoria um restaurante inigual√°vel. Recomendo. Simplesmente divinoooo.,2 meses atr√°s,5,Sul,,
Gl√≥ria Bar e Restaurante,"Avalia√ß√£o da minha filha: Eu amei a feijoada ela √© maravilhosa! Tudo de bom , e o petit gateau que eu pedi era DIVINO!! O bolinho dele estava quentinho e o sorvete combinava perfeitamente ! O atendimento estava √≥timo . Amei !!",3 meses atr√°s,5,Sul,,
Gl√≥ria Bar e Restaurante,"√ìtima comida (caldo e bacalhau), √≥tima IPA da casa. Excelente!",5 meses atr√°s,5,Sul,,
Gl√≥ria Bar e Restaurante,"Local aconchegante, bastante decorado, tem uma vibe de boteco carioca, √≥tima feijoada, torresminho bom demais üç∫ ‚Ä¶",um ano atr√°s,5,Sul,,
Gl√≥ria Bar e Restaurante,"Entrega o qu se v√™, bar cl√°ssico e muito agrad√°vel. Os drink¬¥s  s√£ √≥timos e as comidinhas deliciosas, bom atendimento e musica boa. Recomendo...",2 meses atr√°s,5,Sul,,
Gl√≥ria Bar e Restaurante,"Local Agrad√°vel e excelente atendimento. Fomos em uma quinta-feira onde h√° dobradinha de drink e chopp para mulheres. No s√°bado saborosa feijoada, onde uma nos atendeu bem (casal) . Lembra botequim de SP, gostamos muito, voltaremos. Obs.: atendimento para n√≥s foi 10.",3 meses atr√°s,5,Sul,,
Gl√≥ria Bar e Restaurante,"Lugar perfeito pra quem quer passar bons momentos. Fica ainda melhor, quando se est√° em √≥timas companhias.",2 semanas atr√°s,5,Sul,,
Gl√≥ria Bar e Restaurante,"Melhor bar de Goi√¢nia, o chopp e a por√ß√£o de pastel s√£o grandes diferenciais!",uma semana atr√°s,5,Sul,,
Gl√≥ria Bar e Restaurante,"M√∫sica excelente, chopp bem gelado e atendimento excepcional. Super movimentado ao s√°bado, quando rola um samb√£o. Chegue cedo ou espere uma mesa, que pode demorar bastante. O couvert √© R$ no s√°bado da feijoada, o que vale totalmente a experi√™ncia. Apenas como dica poderiam informar o valor no momento que o cliente se instalasse. Nada que tire a vibe maravilhosa do local! Ponto important√≠ssimo para se visitar na cidade e conhecer as raizes goianas.",3 anos atr√°s,5,Sul,,
Gl√≥ria Bar e Restaurante,"Boa m√∫sica,  ambiente agrad√°vel, bons drinks e o bolinho de carne seca com mandioca estava divino! Sequinho e crocante.",5 meses atr√°s,5,Sul,,
Gl√≥ria Bar e Restaurante,"Excelente comida, adorei! Achei o pre√ßo um pouquinho caro, mas √© realmente muito gostoso.",2 meses atr√°s,4,Sul,,
Gl√≥ria Bar e Restaurante,Lugar muito aconchegante e receptivo! √ìtimos atendentes. Comida boa e muita variedade!,2 meses atr√°s,5,Sul,,
Gl√≥ria Bar e Restaurante,Experi√™ncia muito boa. Nada a reclamar. Tudo estava bom e o atendimento excelente,um m√™s atr√°s,5,Sul,,
Gl√≥ria Bar e Restaurante,"Bom atendimento. Pre√ßo compat√≠vel com o local. Bom ambiente. Apenas n√£o gostei das cadeiras de madeira, bastante desconfort√°veis",10 meses atr√°s,4,Sul,,
Gl√≥ria Bar e Restaurante,O bar mais carioca de Goi√¢nia. Atendimento impec√°vel e uma feijoada sem igual.,um ano atr√°s,5,Sul,,
Gl√≥ria Bar e Restaurante,O melhor pastel de camar√£o em Goi√¢nia. A feijoada e perfeita e o atendimento √© indescritivelmente perfeito!!!,5 meses atr√°s,5,Sul,,
Gl√≥ria Bar e Restaurante,Adoro esse lugar! Dia de s√°bado uma feijoada de primeira e um samba maravilhoso!!,3 anos atr√°s,5,Sul,,
Gl√≥ria Bar e Restaurante,"√â muito gostoso a comida, mas o ambiente √© um calor insuport√°vel, os pre√ßos s√£o absurdos",3 anos atr√°s,3,Sul,,
Gl√≥ria Bar e Restaurante,"Top, cervejas geladas e variadas, a carta de aguardente ent√£o... T√≠pico bar tem√°tico ao samba e futebol, com m√∫sica ao vivo de √≥tima qualidade, acompanhada da tradicional feju aos s√°bados, p√∫blico acima dos 30 mas recomendadissimo √† aqueles que prezam por bom ambiente com boa m√∫sica e card√°pio idem. Pre√ßos n√£o s√£o convidativos, mas pelo oferecido n√£o foge muito ao esquadro e ao esperado numa visita √† Lapa Goiana.",3 anos atr√°s,5,Sul,,
Gl√≥ria Bar e Restaurante,"Comida gostosa, cerveja gelada, √≥timo atendimento, o pre√ßo √© um pouco salgado.",2 meses atr√°s,4,Sul,,
Gl√≥ria Bar e Restaurante,Bar com bebidas e comidas muito gostosas e um ambiente com mesas ao ar livre que nos da uma sensa√ß√£o de liberdade. muito bom,2 meses atr√°s,4,Sul,,
Gl√≥ria Bar e Restaurante,Simples e requintado ao mesmo tempo. Ambiente ideal para conversas com amigos e fam√≠lia.,3 semanas atr√°s,5,Sul,,
Gl√≥ria Bar e Restaurante,Excelente botequim. Recomendo o galeto na cerveja preta que serve muito bem a duas pessoas. Custa 39 reais. O atendimento √© √≥timo. Drinks especiais e autorais em card√°pio pr√≥prio que em m√©dia custam 25 reais.,4 anos atr√°s,5,Sul,,
Gl√≥ria Bar e Restaurante,Matar a saudade do Rio no Gloria foi tudo! Otima op√ß√£o pra um relax depois do trabalho,2 meses atr√°s,5,Sul,,
Gl√≥ria Bar e Restaurante,"Lugar super legal bem a moda antiga rs, Boas bebidas e deliciosas comidas e petiscos , samba e feijoada e o que descreve melhor o local .",3 anos atr√°s,5,Sul,,
Gl√≥ria Bar e Restaurante,"Lugar mto interessante, bem transado por√©m muito caro. Uma verdadeira explora√ß√£o.",3 meses atr√°s,4,Sul,,
Gl√≥ria Bar e Restaurante,"N√£o gosto muito desse lugar. Por duas vezes tive tratamento discriminat√≥rio. Entretanto a feijoada √© boa. Os pre√ßos s√£o altos e se os gar√ßons n√£o pensarem que vc tem muito dinheiro n√£o v√£o te atender bem. Enfim, n√£o volto mais.",5 anos atr√°s,3,Sul,,
Gl√≥ria Bar e Restaurante,"Ambiente √≥timo com uma √°rea emar livre, bom atendimento e √≥timos petiscos",2 meses atr√°s,5,Sul,,
Gl√≥ria Bar e Restaurante,"Excelente... Ambiente, atendimento, petiscos deliciosos. Super recomendo",3 meses atr√°s,5,Sul,,
Gl√≥ria Bar e Restaurante,"Lugar tradicional, mais precisa de uma reforma geral, tanta no visual, como na sua programa√ß√£o art√≠stica...mais valeu o Torresminho com cerveja",5 meses atr√°s,3,Sul,,
Gl√≥ria Bar e Restaurante,Lugar agrad√°vel com chopp bem gelado! Petiscos incr√≠veis!,2 meses atr√°s,5,Sul,,
Gl√≥ria Bar e Restaurante,Excelente qualidade nas bebidas e comidas. √ìtimo atendimento. Experimentei uma l√≠ngua ao molho madeira e estava simplesmente deliciosa. Parab√©ns.,3 anos atr√°s,5,Sul,,
Gl√≥ria Bar e Restaurante,"Excelente como sempre , o pastel de camar√£o √© uma del√≠cia, Atendimento nota 10.",3 meses atr√°s,5,Sul,,
Gl√≥ria Bar e Restaurante,"√ìtimo local, comida muito gostosa, cerveja sempre bem gelada e gar√ßons extremamente educados e prestativos.",6 meses atr√°s,5,Sul,,
Gl√≥ria Bar e Restaurante,Faltou o chopp Brahma. Era uma tradi√ß√£o por l√°. Uma pena,2 meses atr√°s,5,Sul,,
Gl√≥ria Bar e Restaurante,"Cerveja gelada,bom atendimento,petiscos saborosos e ambiente agrad√°vel.",4 meses atr√°s,4,Sul,,
Gl√≥ria Bar e Restaurante,"Restaurante tradicional, ambiente bem diferente, boa comida e cerveja gelada. Outubro/Novembro de cada ano tem semana Alem√£ com comida t√≠pica, interessante. Prost.",7 meses atr√°s,5,Sul,,
Gl√≥ria Bar e Restaurante,Gostei muito. Bom atendimento. Boa comida. M√∫sica excelente,7 meses atr√°s,5,Sul,,
Gl√≥ria Bar e Restaurante,"O estilo do bar √© bem legal, lembra aqueles bares t√≠picos do Rio (m√∫sica e decora√ß√£o). O atendimento √© bom, a comida e a bebida estavam boas, por√©m n√£o s√£o t√£o bem servidas quanto deveriam, considerando os valores cobrados. No geral, √© uma boa experi√™ncia pra quem gosta de um lugar mais tranquilo e tradicional.",9 meses atr√°s,4,Sul,,
Gl√≥ria Bar e Restaurante,"Bar/Restaurante com diversidade no card√°pio, bem servido e pre√ßo justo",2 meses atr√°s,5,Sul,,
Gl√≥ria Bar e Restaurante,"Feijoada √© gostosa, mas custa 82,00, o que n√£o teria problema se as por√ß√µes fossem generosas. No card√°pio est√° escrito que a feijoada √© pra 2 pessoas, mas est√° longe disso. Outro problema, o bar estava vazio e os gar√ßons demoram a se dirigir at√© a mesa (chega a ser constrangedor). Saldo final: uma feijoada √© uma coca cola lata por 97 reais. Eu e minha namorada sa√≠mos sem a sensa√ß√£o de saciedade, e olha que n√£o somos de comer muito.",um ano atr√°s,1,Sul,,
Gl√≥ria Bar e Restaurante,"Ambiente agrad√°vel. Atendimento ok. Petiscos caros (R$ 38,00 por uma por√ß√£o pequena de torresmo). Cervejas caras, pre√ßos acima da m√©dia.",um ano atr√°s,3,Sul,,
Gl√≥ria Bar e Restaurante,"Boteco bem tradicional. Por√ß√µes pequenas e caras, e o tempero n√£o √© dos melhores. Bom atendimento.",6 meses atr√°s,4,Sul,,
Gl√≥ria Bar e Restaurante,"√ìtimos petiscos, m√∫sica boa, cerveja especial top!",um ano atr√°s,5,Sul,,
Gl√≥ria Bar e Restaurante,Excelente Atendimento da Lidiane j√° a 8 anos como Ouro da casa e do Rubens com o melhora Chopp Artesanal Gl√≥ria!! Voltaremos com certeza! A melhor salada e o pastel de pequi com carne  deve ser experimentado! Os Ga√∫chos Adoraram! Pedro e karen,um ano atr√°s,5,Sul,,
Gl√≥ria Bar e Restaurante,Excelente atendimento! Por√ß√µes s√£o bem gostosas.,3 meses atr√°s,4,Sul,,
Gl√≥ria Bar e Restaurante,"Muito bom, √≥tima comida, cerveja gelada.",4 meses atr√°s,5,Sul,,
Gl√≥ria Bar e Restaurante,"O ambiente √© muito bom. Aos s√°bados tem uma feijoada maravilhosa, a Parmegiana tamb√©m √© maravilhosa e com √≥tima m√∫sica ambiente e na parte da tarde tem m√∫sica ao vivo. Pre√ßos n√£o s√£o t√£o baixos, mas vale muito a pena.",4 anos atr√°s,5,Sul,,
Gl√≥ria Bar e Restaurante,Ambiente descontra√≠do. T√≠pico bar carioca. Ador√°vel!,4 meses atr√°s,5,Sul,,
Gl√≥ria Bar e Restaurante,"Ambiente super agrad√°vel e um atendimento excelente, lugar agradabil√≠ssimo",2 meses atr√°s,5,Sul,,
Gl√≥ria Bar e Restaurante,"Excelente atendimento, pratos diferenciados e ambiente nota mil",4 meses atr√°s,5,Sul,,
Gl√≥ria Bar e Restaurante,"Fomos na ""segunda feira sem lei"" e nos divertimos muito. Pena que o bar fechou as 2h da manh√£ e que eu esqueci meu casaco preferido na cadeira do bar üòì Comemos por√ß√£o de pastel e bolinho de carne seca, ambas gostosas. Provem a pimenta e as cacha√ßas. ‚Ä¶",5 anos atr√°s,4,Sul,,
Gl√≥ria Bar e Restaurante,"Boa mas n√£o vale a pena! Pedi pra duas pessoas e de verdade me decepcionei. N√£o importo em pagar mais caro, mas n√£o sair satisfeito √© frustrante.  Pouqu√≠ssimo arroz, suficiente para uma pessoa, a feijoada serve duas pessoas que n√£o comam muito. O que achei v√°lido foi s√≥ o torresmo rsrs. Sobre o atendimento fiquei invis√≠vel quando cheguei.",um ano atr√°s,1,Sul,,
Gl√≥ria Bar e Restaurante,"√â um local que sempre vou, assim que chego √†s Goi√¢nia. Tem vinhos com bons pre√ßos, uma salada de jil√≥, que √© a melhor que j√° comi na vida.  O fil√© de til√°pia com molho de alho, um quibe com coalhada, u.a rabada... Tudo de tirar o f√¥lego.",4 anos atr√°s,5,Sul,,
Gl√≥ria Bar e Restaurante,"O atendimento √© meio demorado, mas a feijoada de domingo √© bem boa!",um ano atr√°s,4,Sul,,
Gl√≥ria Bar e Restaurante,"Lugar simples, atendimento espetacular e comida deliciosa.",um ano atr√°s,5,Sul,,
Gl√≥ria Bar e Restaurante,Cerveja gelada som ambiente agrad√°vel..,um ano atr√°s,4,Sul,,
Gl√≥ria Bar e Restaurante,"A m√∫sica estava alta ter um di√°logo na mesa foi complicado, a feijoada estava muito grossa, n√£o tinha calabresa e veio pouca nas por√ß√µes que acompanhavam",8 meses atr√°s,3,Sul,,
Gl√≥ria Bar e Restaurante,"Comida boa , bom atendimento por√©m ambiente sem ventila√ß√£o",5 meses atr√°s,4,Sul,,
Gl√≥ria Bar e Restaurante,"Amo!! Gafieira aos domingos, feijoada aos s√°bados, as quintas das laides e segunda sem lei ( paga um chopp e ganhe outro) .",5 anos atr√°s,5,Sul,,
Gl√≥ria Bar e Restaurante,Bom ambiente o chopp brahma ainda continua top!e o chopp da casa  Os petiscos s√£o variados. Contudo o pre√ßo moderado ‚Ç¨‚Ç¨‚Ç¨,4 anos atr√°s,4,Sul,,
Gl√≥ria Bar e Restaurante,"O local √© muito interessante, eles colocam hist√≥rias nas paredes, por√©m os pre√ßos n√£o s√£o muito atrativo e a comida pelo menos a q comi ( moqueca de frango) n√£o estava muito boa, molho ralo, frango sem tempero... mas os drinques eu gostei",um ano atr√°s,4,Sul,,
Gl√≥ria Bar e Restaurante,"Atendimento √≥timo, caf√© √≥timo e a op√ß√£o vegana muito gostosa mesmo.",um ano atr√°s,5,Sul,,
Gl√≥ria Bar e Restaurante,"Gostei, mas n√£o √© meu preferido.",3 semanas atr√°s,4,Sul,,
Gl√≥ria Bar e Restaurante,"Aqui no Gl√≥ria vc encontra hist√≥ria as paredes e a decora√ß√£o em geral te levam a viajar por v√°rios momentos da vida de grandes nomes seja da m√∫sica, esportes, etc. Atendimento √© aquele nota 1000 carinhoso educado e dedicado. Bebibas sempre como devem ser geladas nas cervejas, bem preparadas os drinks, uma carta de cacha√ßas que n√£o tem pre√ßo um mix que eu nunca vi em outro lugar. Obrigadoooo Gl√≥ria!!!",um ano atr√°s,5,Sul,,
Gl√≥ria Bar e Restaurante,"√ìtimo atendimento, tira gosto muito bom, mas o Chopp n√£o estava muito gelado, e n√£o pod√≠amos escutar o som da narra√ß√£o do jogo, l√° somente pode assistir o jogo mas no mudo.",11 meses atr√°s,3,Sul,,
Gl√≥ria Bar e Restaurante,"Sempre gostei muito do Gl√≥ria. Bar hist√≥rico, decora√ß√£o √≠mpar, cerveja estupidamente gelada, sem falar na carta de cacha√ßas especiais que atenden a todos os gostos. Estivemos ontem no gl√≥ria e um dos pratos que pedimos veio com alguns problemas, mas o carisma e a prontid√£o do gerente em resolver a situa√ß√£o, foi exatamente o que esperavamos do Gl√≥ria. Situa√ß√£o resolvida e o segundo prato estava maravilhoso. Parab√©ns a todos. Nota 1000",um ano atr√°s,5,Sul,,
Gl√≥ria Bar e Restaurante,"Gosto muito, ambiente, atendimento e som mto agrad√°veis! Sem dizer que servem chop escuro sempre!!",8 meses atr√°s,5,Sul,,
Gl√≥ria Bar e Restaurante,"Boa m√∫sica, boa comida, bons drinks (a julgar pelo tropical Mule) e bom atendimento. Pastel de carne com pequi em por√ß√£o farta e bem preparada. Recomendo!",4 anos atr√°s,5,Sul,,
Gl√≥ria Bar e Restaurante,"Excelente ambiente, melhor bolinho de bacalhau de Goi√¢nia! Melhor chopp IPA da regi√£o!!! Melhor carpaccio de rosbife!!!",2 anos atr√°s,5,Sul,,
Gl√≥ria Bar e Restaurante,Ambiente diferenciado. Clima de boteco carioca.,um m√™s atr√°s,4,Sul,,
Gl√≥ria Bar e Restaurante,Um dos melhores bares para conhecer em Goi√¢nia. Qualidade no atendimento e nos pratos. Vale a visita.,3 anos atr√°s,5,Sul,,
Gl√≥ria Bar e Restaurante,"O bar Gl√≥ria tem petiscos de primeira qualidade, chopp gelado e bom atendimento. Gosto de almo√ßar a feijoada no s√°bado, regada a boa m√∫sica. Excelente!",um ano atr√°s,5,Sul,,
Gl√≥ria Bar e Restaurante,"O bar Gl√≥ria √© um local super aconchegante, que tem cerveja gelada e com pre√ßo n√£o muito elevado( pra gyn). Fui com minha esposa por volta das 10pm num s√°bado e adoramos. Pedimos uma por√ß√£o de isca de tilapia (eu acho) que √© bem generosa e suculenta e batatas r√∫sticas tb muito saborosas. O ponto alto √© o atendimento atencioso e eficaz que recebemos. A bebida chegou voando, a comida n√£o demorou, Pedimos Molho extra pro peixe, chegou na mesma hora, e qnd sa√≠mos os caras ainda tinham um guarda sol de todo tamanho pra nos levar at√© o carro. Voltaremos sempre",um ano atr√°s,5,Sul,,
Gl√≥ria Bar e Restaurante,"Ambiente bem gostoso, gar√ßom muito simp√°tico, a comida √© boa e n√£o √© t√£o cara. Demoraram um pouco para trazer um dos pratos, mas no geral vale a pena conhecer.",um ano atr√°s,4,Sul,,
Gl√≥ria Bar e Restaurante,"Durante a semana √© um local bastante tranquilo, no s√°bado tem feijoada com samba e na segunda o bar lota vira uma esp√©cie de balada. Muito bom",6 anos atr√°s,5,Sul,,
Gl√≥ria Bar e Restaurante,Muito aconchegante e cerveja bem gelada.,5 meses atr√°s,5,Sul,,
Gl√≥ria Bar e Restaurante,"Pessoal √© bastante arrogante com pessoas que se dirigem a loja para fazer retirada de pedidos. Parece que para eles s√≥ devem tratar bem quem chega todo engomadinho"" para se alimentar no local. Fui para pagar o pedido e fui logo recebido com: ""Aguarde l√° fora pois entregador tem que esperar l√°""",um ano atr√°s,1,Sul,,
Gl√≥ria Bar e Restaurante,"Pre√ßos altos, por√ß√µes pequenas. Ambiente legal.",4 meses atr√°s,4,Sul,,
Gl√≥ria Bar e Restaurante,J√° foi bom... Uns anos atr√°s tinha o melhor Chopp da cidade de Goi√¢nia.  Sem d√∫vida. A m√∫sica √© boa mais voltado p samba. S√≥ dei nota baixa pq as √∫ltimas vezes que fui n√£o foi nada agrad√°vel.,um ano atr√°s,1,Sul,,
Gl√≥ria Bar e Restaurante,"Local tradicional em Goi√¢nia. Feijoada deliciosa, √≥timos drinks e petiscos del√≠cia. Um ar de Sampa em Gyn.",3 anos atr√°s,5,Sul,,
Gl√≥ria Bar e Restaurante,"√ìtimo lugar para confraternizar com amigos, al√©m de saborear uma deliciosa comida. Bom ambiente e atendimento. Recomendo muito.",10 meses atr√°s,4,Sul,,
Gl√≥ria Bar e Restaurante,"Comida muito boa, por√©m pedido pelo IFood e quase 2 horas! Passou uma hora do meu tempo de espera!",8 meses atr√°s,1,Sul,,
Gl√≥ria Bar e Restaurante,"Card√°pio  mto  limitado,  tanto de tira gosto  qto  de  p. principais. V√™-se  q  tem  uma clientela cativa,  ent√£o  para o caso  de n√£o interessar   fidelizar  outros,  ent√£o  retiro  o  que  disse.",um ano atr√°s,3,Sul,,
Gl√≥ria Bar e Restaurante,"Boa comida, o espa√ßo f√≠sico estava um pouco reduzido, mais, acredito ser porque estavam em obras na oportunidade, gar√ßons atenciosos",7 meses atr√°s,4,Sul,,
Gl√≥ria Bar e Restaurante,Lugar super agrad√°vel. Atendimento pre√ßos √≥timos.,2 meses atr√°s,5,Sul,,
Gl√≥ria Bar e Restaurante,"Fui ao restaurante/bar em um dia de dobradinha de drinks. √ìtimas companhias e √≥timo drink ""mimosa"". Por√©m, ao chegar a conta cobraram 10% em cima do valor total da conta em vez do valor com o desconto da dobradinha. Argumentei e insistiram que era o correto. Perderam uma cliente! Mandioca frita n√£o estava num ponto √≥timo, n√£o tem estava crocante. N√£o recomendo o restaurante. H√° op√ß√µes muito melhores em Goi√¢nia.",um ano atr√°s,1,Sul,,28/7
Z√© Latinhas,"Uma del√≠cia de coxa creme. Pre√ßo justo. Cerveja gelada. Atendimento em mesa bem tranquilo pessoal MT educado. √ìtima experi√™ncia e boa m√∫sica.
",4 meses atr√°s,5,Central,,29/7
Z√© Latinhas,"Amei o ambiente, m√∫sica boa, transmite uma energia boa do centro de Goi√¢nia. Promo de cerveja top, pedi bolinhos, esperando chegar. J√° quero trazer mais amigos aqui.
",2 meses atr√°s,5,Central,,
Z√© Latinhas,"Ambiente jovem, com muita gente bonita, o atendimento √© excelente. Todos que trabalham l√° est√£o sempre com sorriso no rosto. S√©rio, a equipe que trabalha l√° √© excepcional. A comida √© muito boa, os drinks s√£o incr√≠veis e a cerveja sempre ",4 dias atr√°s,5,Central,,
Z√© Latinhas,Queria visitar j√° fazia um tempo. Ambiente legal e definitivamente um lugar que est√° em alta no momento. O que achei decepcionante foi a qualidade question√°vel da cerveja que pedi (ant√°rtica original) que me deu uma dor de cabe√ßa e dor de ,um m√™s atr√°s,3,Central,,
Z√© Latinhas,"Mesas ao ar livre, cerveja gelada, m√∫sica boa e excelente atendimento Mais
Pre√ßo por pessoa‚Ä¶
",2 semanas atr√°s,5,Central,,
Z√© Latinhas,"Pra jovens bem alternativos √© como estar em casa, a pessoa que esta no preparo dos drinks tem que entender ela esta nos drinks, e n√£o na parte de pegar cerveja, falta bom senso, so fui por conta da namorada. ",um m√™s atr√°s,1,Central,,
Z√© Latinhas,"Pre√ßo muito fora de contexto, o local n√£o √© t√£o acolhedor e os gar√ßons podem ser menos insistentes sobre a taxa de gar√ßom. As vezes simplesmente a pessoa n√£o tem condi√ß√µes",um m√™s atr√°s,2,Central,,
Z√© Latinhas,"Local agrad√°vel, m√∫sica boa at√© come√ßar o show do dia...a√≠ vai depender se voc√™ gosta do estilo. Bebida gelada. Comida com poucas op√ß√µes. V√° com amigos e curta a conversa na cal√ßada...pena ficar sendo abordada por pessoas oferecendo produtos...mas recomendo!",2 meses atr√°s,4,Central,,
Z√© Latinhas,"O local √© bacana e super agrega √† cena de bares da cidade.
O atendimento √© √≥timo e vejo a lota√ß√£o como algo bom, afinal, sempre tem novas e √≥timas atra√ß√µes. ",um m√™s atr√°s,5,Central,,
Z√© Latinhas,"Os eventos s√£o muito legais e o ambiente √© super alto astral! Atendimento √≥timo! Mais
Pre√ßo por pessoa‚Ä¶",2 semanas atr√°s,5,Central,,
Z√© Latinhas,"O ambiente descontra√≠do com a vibe muito positiva, m√∫sicas ao vivo e DJs as vezes, comidas gostosas com op√ß√µes vegetarianas, recomendo o quibe com molho pesto e a por√ß√£o de coxinha. Pre√ßo razoavelmente bom, atendimento excelente. Recomendo!",3 meses atr√°s,5,Central,,
Z√© Latinhas,"Sou suspeita pra falar do Z√© kk Vai em paz, sem medo de ser feliz, do jeito que quiser ir
+2",5 meses atr√°s,5,Central,,
Z√© Latinhas,"Momento de lazer e fica descontra√≠do , muita gente bonita ,na maioria jovens , bebidas super geladas , bom lugar pra curtir ",um m√™s atr√°s,5,Central,,
Z√© Latinhas,"A galera que frequenta √© √≥tima! Massa! Recomendo! E fica no centro de Goi√¢nia. Bom demais pra quem curte esse rol√™ no centro. √â um sopro de ar, j√° que os centros, geralmente, s√£o abandonados √† noite.",2 meses atr√°s,5,Central,,
Z√© Latinhas,"Muito bom, as fotos n√£o sa√≠ram boas mas o lugar √© lindo, aconchegante e de fora √© muito bom, fresquinho, m√∫sica boa e comida gostosa tamb√©m
",um ano atr√°s,5,Central,,
Z√© Latinhas,"Gosto muito da vibe descontra√≠da. Local pra encontrar os amigos e beber uma boa caipirinha e dar boas risadas.
0:",6 meses atr√°s,5,Central,,
Z√© Latinhas,"Lugar tranquilo, por√©m caro. Fui uma vez mas n√£o pretendo voltar j√° que tive uma luta pra conseguir uma mesa e a que consegui estava na frente do som.",5 meses atr√°s,3,Central,,
Z√© Latinhas,"O atendimento √© bom, mas comida ruim. Tamb√©m achei o ambiente abafado do lado de dentro. Pedi um bolinho caro e super pequeno, n√£o d√° nem pra uma pessoa e veio frio. A bebida estava ok. N√£o pretendo voltar.",5 meses atr√°s,3,Central,,
Z√© Latinhas,"Que o lim√£o casa mt bem com caldo de cana n√£o √© novidade, mas juntando os dois com caf√© gelado, dando aquela misturadinha (importante), fica delicinha! minha avalia√ß√£o de hoje vai para essa bebida em espec√≠fico que tomei no ze latas. nota 10!
",um ano atr√°s,5,Central,,
Z√© Latinhas,"O melhor bar de Goi√¢nia! Cultura de rua, democracia, m√∫sica boa e bagaceira  ‚Ä¶ Mais
Comida: 5‚Ä¶",um m√™s atr√°s,5,Central,,
Z√© Latinhas,"Local bem agitado nas noites. Bar com p√∫blico diverso e tranquilo. Mais
Pre√ßo por pessoa‚Ä¶
",3 semanas atr√°s,4,Central,,
Z√© Latinhas,"O Z√© Latinhas recebe todo tipo de gente l√°, o que √© uma b√™n√ß√£o - bar acolhedor e democr√°tico √© cada vez mais raro. Vou pelo jazz, √†s quartas, e pela panceta, mas tem sempre m√∫sica boa na semana, bebida gelada e atendimento do bem. E tem o Centro, claro, o charme a mais que combina muito com a diversidade dos frequentadores.",7 meses atr√°s,5,Central,,
Z√© Latinhas,"Ambiente nota 10, m√∫sica boa, comida sensacional, pre√ßo justo e atendimento nota 1.000!!! Um achado no centro de Goi√¢nia! V√° sem medo, mas cuidado com a caipirinha com gengibre ... Quando vc v√™ j√° tomou umas 10!!! Bolotinha de costela? N√£o ‚Ä¶ Mais
",um ano atr√°s,5,Central,,
Z√© Latinhas,"Gente bonita, descolada e com bom gosto musical. Mais
Pre√ßo por pessoa
R$ 40‚Äì‚Ä¶",uma semana atr√°s,5,Central,,
Z√© Latinhas,"O lugar √© Top! Amo!
Nota zero para o banheiro rs",2 meses atr√°s,4,Central,,
Z√© Latinhas,"√ìtimo custo benef√≠cio! Ambiente descontra√≠do, petisco delicioso e bons drinks! Ps: possuem um dos melhores bolos de chocolate da vida!
",2 anos atr√°s,5,Central,,
Z√© Latinhas,"Lugar acolhedor, respeita e propaga a diversidade, proporciona promo√ß√µes todos os dias e por tudo isso, considero que √© atualmente a melhor fonte de entretenimento no centro de Goi√¢nia.
",um ano atr√°s,5,Central,,
Z√© Latinhas,"Chopp gelado, petiscos gostosos (recomendo a coxa crema, √© saborosa e com pre√ßo justo), m√∫sica boa e espa√ßo alternativo onde voc√™ poder ser quem voc√™ √©, dancei muito com meus amigos sem receber olhares estranhos. Amei!",7 meses atr√°s,5,Central,,
Z√© Latinhas,"Chopp bem gelados, m√∫sica muito boa, (ouvimos jazz), e excelente atendimento.
",9 meses atr√°s,5,Central,,
Z√© Latinhas,Lugar √© incr√≠vel e o p√∫blico que frequenta √© mais incr√≠vel ainda. √â muito satisfat√≥rio ver esse resgate do centro de uma maneira t√£o acolhedora e gentil. A reforma que fizeram no bar trouxe muito mais personalidade e significado. Pra melhorar mais s√≥ a prefeitura fechando a rua a noite.,9 meses atr√°s,5,Central,,
Z√© Latinhas,"Ambiente super agrad√°vel, comida muito boa, e atendentes atenciosos, a comida demorou um pouco mas devia ser por conta da quantidade de pessoas no local",7 meses atr√°s,4,Central,,
Z√© Latinhas,"Lugar muito bom de se conhecer do centro de Goi√¢nia. √â um bar e restaurante, no fim de semana o almo√ßo s√≥ funciona at√© s√°bado, mas o bar fica aberto at√© domingo. Tem noites com m√∫sica ao vivo e outras com DJ, tem boas op√ß√µes de cervejas e ",10 meses atr√°s,5,Central,,
Z√© Latinhas,"Quer ter uma boa explica√ß√£o para poder movimentar o seu corpo? Aqui est√° uma alternativa excelente para os seus domingos n√£o serem mais os mesmo. Se voc√™ j√° foi no RJ deva ter ouvido falar da Penha, ent√£o a experi√™ncia eu deixo por conta de voc√™s irem e apreciar essa pegada de samba carioca.",11 meses atr√°s,5,Central,,
Z√© Latinhas,"Ambiente agrad√°vel, excelente trilha sonora e comida maravilhosa.
",2 anos atr√°s,5,Central,,
Z√© Latinhas,"A tarde bebo caf√©, a noite tomo cerveja.
Meu lugar preferido do centro.
",um ano atr√°s,5,Central,,
Z√© Latinhas,"O atendimento √© t√£o importante quanto o produto final, um complementa o outro e neste espa√ßo infelizmente n√£o tem um bom atendimento. Fui em um evento de vinil e mentiram pra mim sobre o card√°pio de petiscos, dizendo que come√ßariam a servir ",um ano atr√°s,1,Central,,
Z√© Latinhas,"√ìtimo local, msm sendo um espa√ßo pequeno,  Mas tem um √≥timo atendimento",5 meses atr√°s,5,Central,,
Z√© Latinhas,Quando a demanda t√° alta os funcion√°rios tratam os clientes mal.,2 meses atr√°s,2,Central,,
Z√© Latinhas,"
um ano atr√°s",um ano atr√°s,5,Central,,
Z√© Latinhas,"A coxa creme √© gostosa, mas seria melhor dividida em por√ß√µes bolinhos menores como os de ab√≥bora com carne seca que s√£o melhores",7 meses atr√°s,4,Central,,
Z√© Latinhas,"Melhor bar !! sempre tem rol√™, caso voc√™ queira fazer um date, marque antes das 22 porque depois √© um carnaval haha mas tem √≥timas comidinhas cerveja e chopp gelado, ambiente agrad√°vel para date, a galera n√£o saka muito mas tem uns caf√©s especiais tb.",um ano atr√°s,5,Central,,
Z√© Latinhas,"Lugar muito gostosinho para tomar uma.
Acho que precisa ficar melhor organizado a quest√£o do caixa. As vezes forma fila de quem t√° comprando ficha e fila de quem quer pegar bebida. Isso d√° uma desanimada.",8 meses atr√°s,4,Central,,
Z√© Latinhas,P√©ssimo atendimento. Ontem vi algu√©m ser assaltado no caixa e a seguran√ßa tentou remover o cliente sem nem impedir o roubo e a fim de evitar mais pol√≠cia no bar. Atitude deplor√°vel.,9 meses atr√°s,1,Central,,
Z√© Latinhas,"Quero ser justa quanto a avalia√ß√£o ... Inicialmente cheguei e fiquei com medo, visto quantos usu√°rios de drogas e moradores de rua existem nas redondezas do local (infelizmente um problema social bem distante de ser resolvido), por√©m achei ",um ano atr√°s,4,Central,,
Z√© Latinhas,"Ambiente aconchegante, bom atendimento, povo bonito!",3 meses atr√°s,5,Central,,
Z√© Latinhas,"Fui nesse bar algumas vezes, e me arrependo de todas, os funcion√°rios n√£o atendem a gente direito, √© sempre uma humilha√ß√£o pra conseguir mesa e cadeira, mesmo nos dias do meio da semana, o pedido de uma simples coxa creme demorou mais de 40 ",um ano atr√°s,1,Central,,
Z√© Latinhas,"Clima muito gostoso, som super maneiro, chopp gostoso e com pre√ßo at√© que justo, atendimento nota 10... A √∫nica coisa que estraga √© DJ tocando m√∫sica eletr√¥nica, na minha humilde opini√£o, n√£o combina nada com o lugar.",um ano atr√°s,5,Central,,
Z√© Latinhas,"Amo dms  os gar√ßons super educados , a comida maravilhosa e a caipirinha uma del√≠cia , vou pra l√° sempre q posso ‚Ä¶",7 meses atr√°s,5,Central,,
Z√© Latinhas,"Comida muito bem feita. √ìtimas op√ß√µes.
O atendimento de gar√ßons e da cozinha foi bem limitado. N√£o souberam lidar com um grupo de amigos que chegou junto, sendo que foram avisados.",10 meses atr√°s,4,Central,,
Z√© Latinhas,"O pessoal de atendimento s√£o muito legais e educados, mas n√£o d√£o conta da alta demanda. Esperei 1:30 por uma coxinha. N√£o d√°!",3 meses atr√°s,3,Central,,
Z√© Latinhas,Podem ver minhas avalia√ß√µes de bar aqui no Google. Frequento muito. Mas nunca passei tanto constrangimento num bar como passei hoje. Primeiro a por√ß√£o que pedimos demorou mais de hora..reclamei pra 3 gar√ßons e depois pra gerente.  Depois ,um ano atr√°s,1,Central,,
Z√© Latinhas,"Passei de passagem. Parece muito bom, confort√°vel, turma boa.",4 meses atr√°s,4,Central,,
Z√© Latinhas,Local possui 3 tipos de ambientes.  Conta com djs. Comida excelente e pre√ßo ok. Durante a semana tem promo de bebidas.,7 meses atr√°s,5,Central,,
Z√© Latinhas,Vibe legal mas as comidas s√£o car√≠ssimas e vem em pouca quantidade.,5 meses atr√°s,3,Central,,
Z√© Latinhas,Bem legal tomar uma geladinha nas sextas feiras a noite,3 meses atr√°s,5,Central,,
Z√© Latinhas,"Atendimento prec√°rio, n√£o consigo avaliar o card√°pio pq esperei quase 40 min, pra eles chegarem com um ‚Äúparece q teve um erro no sistema e seu pedido n√£o foi realizado, quer refazer?‚Äù",um ano atr√°s,1,Central,,
Z√© Latinhas,Lugar incr√≠vel para tomar umas rsrs,um m√™s atr√°s,5,Central,,
Z√© Latinhas,"Uma pessoa que se dizia gerente cobrou a conta novamente, sorte que uma mo√ßa super educada que nos atendeu tinha nos dado um controle do u√© consumimos e do que j√° tinha sido pago! L√° na Casa Libert√© do Heitor, que √© de frente nunca passamos situa√ß√£o parecida!",um ano atr√°s,2,Central,,
Z√© Latinhas,"Comida cara, bebida quente e atendimento fraco.",4 meses atr√°s,2,Central,,
Z√© Latinhas,Um √≥timo local para encontrar os amigos e se divertir por algumas horas!,6 meses atr√°s,4,Central,,
Z√© Latinhas,"√ìtimo lugar! Infelizmente o atendimento que deixa a desejar. Um tal de Robert foi grosso. Os outros fingiam nem me ver. S√≥ a Maz√© que foi gentil, atenciosa e me fez querer voltar. Ger√™ncia, fazer dela a funcion√°ria exemplar!",um ano atr√°s,3,Central,,
Z√© Latinhas,"Ambiente aconchegante, calmo, muito bem cuidado. Melhores carnes na cidade. Altamente recomend√°vel para quem est√° no centro e precisa almo√ßar.",11 meses atr√°s,5,Central,,
Z√© Latinhas,"Fui na quarta onde tinha  jazz ao vivo, foi divertido. S√≥ achei que a diversidade e a quantidade de petiscos deixa a desejar.",um ano atr√°s,4,Central,,
Z√© Latinhas,"√ë foi a melhor experi√™ncia do mundo, mais o local e animado, m√∫sicas √≥timas e pessoas lindas.
Uma √≥tima decora√ß√£o e ambiente agrad√°vel...",um ano atr√°s,4,Central,,
Z√© Latinhas,"√ìtima, j√° sou cliente a anos do Z√© Latinhas. Uma excelente variedade de comidas ao gosto e alcance dos consumidores, a qualidade e higiene j√° mais deixou a desejar, o atendimento cort√™s e sempre supervisionado pelos propriet√°rios, o casal Z√© Latinhas, eu recomendo.",um ano atr√°s,4,Central,,
Z√© Latinhas,"Um bar que n√£o quer ser bar. Hor√°rio de funcionamento esquisito (fechando 3 horas mais cedo que outros bares), op√ß√µes alco√≥licas limitadas, regras sem no√ß√£o (brigaram com o pessoal da mesa do lado por juntar mesas, pr√°tica normal em ",um ano atr√°s,2,Central,,
Z√© Latinhas,"Gostei muito do ambiente, por√©m o card√°pio de comidinhas √© muito limitado. N√ÉO TEM BATATA FRITA!! N√£o sei se volto, mas pra quem n√£o se preocupa com isso √© um lugar bom pra beber pelo Centro.",um ano atr√°s,3,Central,,
Z√© Latinhas,"Ahhhhhh que tudo esse lugar! Muita gente feliz, que cuida da pr√≥pria vida. Pensa num lugar bom z alternativo, m√∫sicas boas, gente de todo tipo, sem preconceito, sem lenga lenga, todo mundo querendo se divertir, tomar sua geladinha, dan√ßar, fumar, seja l√° oq for, todos est√£o ali de boa curtindo. Amei, j√° fui 3x e vou querer voltar  ‚Ä¶",um ano atr√°s,5,Central,,
Z√© Latinhas,"√â um lugar pra ir com os amigos tomar uma cerveja, ou tomar um caf√© sozinho de tarde. Gosto bastante do local, ainda mais por ser no centro, a regi√£o pedia por um lugar pra animar os dias e noites do setor, que deveria ser muito mais movimentado, afinal √© o setor central de Goi√¢nia.",um ano atr√°s,5,Central,,
Z√© Latinhas,"Local agrad√°vel, pre√ßo compat√≠vel.",3 meses atr√°s,5,Central,,
Z√© Latinhas,"Gostei, mas senti falta de cerveja e mais op√ß√µes de petisco de bar mesmo. Mas al√©m disso o atendimento √© bom, o lugar tem uma vibe legal e a localiza√ß√£o √© super inusitada e eu adorei.",um ano atr√°s,4,Central,,
Z√© Latinhas,"Um tradicional bar de Goi√¢nia que foi repaginado  onde talvez deveria ter um mural contando a hist√≥ria do estabelecimento, que diga-se de passagem, em nada lembra o Z√© Latinhas de outrora. No mais tornou-se um ambiente alternativo com um atendimento excelente e pre√ßos acess√≠veis.",um ano atr√°s,4,Central,,
Z√© Latinhas,"Pontos positivos: frequentado por pessoas de paz, pre√ßos acess√≠veis, charmoso e com boa vibe.
Pontos negativos: os drinks t√™m pouco √°lcool e n√£o s√£o muito bons,",um ano atr√°s,4,Central,,
Z√© Latinhas,"Lugar muito bom, aconchegante, √≥timo atendimento... Voltarei sempre!!! Gostaria de op√ß√µes em cerveja ""litr√£o""",10 meses atr√°s,5,Central,,
Z√© Latinhas,"Barzinho maravilhoso, musica boa e comida melhor ainda. Um salve para as atendentes do local, pessoas incr√≠veis.",um ano atr√°s,5,Central,,
Z√© Latinhas,"Wallex Nunes
Local Guide ¬∑ 72 avalia√ß√µes


5 meses atr√°s
Tem brigas tem. Mas e bom o ambiente",x Nunes,0,Central,,
Z√© Latinhas,"Ambiente muito agrad√°vel, comida uma del√≠cia a cerveja barata e bem gelada",um ano atr√°s,5,Central,,
Z√© Latinhas,"Lugar maravilhoso e muito agrad√°vel. M√∫sica boa e bebidas super em conta, pre√ßos acess√≠veis e √≥timos petiscos (o bolinho de ab√≥bora √© √≥timo). Com certeza um √≥timo rol√™ para fazer com amigos ou um datezinho.",um ano atr√°s,5,Central,,
Z√© Latinhas,"Eu t√¥ apaixonada em todos os atendentes, a caipirinha foi uma das melhores que tomei em toda Goi√¢nia equilibrada, pre√ßo muito acess√≠vel. Confort√°vel demais , trilha sonora impec√°vel, fui apenas uma vez mais s√©rio o lugar faz jus a sua fama  ‚Ä¶",um ano atr√°s,5,Central,,
Z√© Latinhas,"Boa comida, cerveja gelada.",2 meses atr√°s,2,Central,,
Z√© Latinhas,Adoro esse lugar na hora do almo√ßo  comida perfeita  e a  noite super agrad√°vel e petiscos deliciosos,10 meses atr√°s,5,Central,,
Z√© Latinhas,"O atendimento √© bem demorado, mas fora isso o ambiente √© at√© agrad√°vel quando n√£o est√° lotado...",10 meses atr√°s,4,Central,,
Z√© Latinhas,Tenham certeza de olhar bem a discrimina√ß√£o da cobran√ßa na nota fiscal. Hoje minha conta dobrou por cobran√ßa de couvert (opcional) e taxa de servi√ßo (opcional) sem o menor aviso.,um ano atr√°s,3,Central,,
Z√© Latinhas,"Lugar √≥timo com gente alegre, equipe atenciosa e petiscos que s√£o uma del√≠cia.",8 meses atr√°s,5,Central,,
Z√© Latinhas,"Se vc tem 19 anos e se acha um socialista muito descolado, provavelmente vai amar. Se vc √© mais velho e ama o lugar, provavelmente tem a maturidade de uma pessoa de 19 anos que se acha um socialista descolado. A cerveja √© quente.",um ano atr√°s,3,Central,,
Z√© Latinhas,"Os roles do Z√© latinhas s√£o sempre muito bons, s√≥ quem j√° foi sabe o tanto que √© legal.",8 meses atr√°s,5,Central,,
Z√© Latinhas,"Comida √≥tima, ambiente alternativo, chop geladinho. O atendimento n√£o √© dos melhores, os gar√ßons confundem os pedidos das mesas e demoram para repor o chop",um ano atr√°s,3,Central,,
Z√© Latinhas,Petiscos deliciosos com pre√ßo bom e cerveja gelada. Al√©m da m√∫sica ao vivo nos domingos que √© show!!,11 meses atr√°s,5,Central,,
Z√© Latinhas,"lugar de √≥timo atendimento e de perfeita harmonia
0:32",um ano atr√°s,5,Central,,
Z√© Latinhas,"Um lugar despojado, com bom pre√ßo, √≥timo atendimento, card√°pio variado  e bebida gelada. √ìtimo Para√∫ happy hour descontra√≠do.",um ano atr√°s,4,Central,,
Z√© Latinhas,"Simplesmente perfeito. Trazendo vida de novo ao centro. Drinks, ch√°s e pratos deliciosos com um pre√ßo justo. J√° pode ser patrimonializado de t√£o perfeito",7 meses atr√°s,5,Central,,
Z√© Latinhas,"Atendimento lento, mal educado e drinks fracos. Eu nunca avalio essas coisas aqui no Google, mas fiz quest√£o de avaliar esse pra ver se toma vergonha na cara! Gar√ßonetes mal educadas e grossas, tanta pessoa precisando de emprego e esse pessoal atendendo os outros mal.",um ano atr√°s,1,Central,,
Z√© Latinhas,"Muito bom, cerveja gelada, ambiente maravilhoso, os gar√ßons muito gentis.",8 meses atr√°s,5,Central,,
Z√© Latinhas,"Ambiente charmoso, aconchegante, √≥timas m√∫sicas, op√ß√µes de bebidas e comidas bem variadas e muito saborosas, tipo de lugar que vc tem vontade de marcar um boa conversa com um amigo e ficar por horas, realmente tem a cara do Centro!",2 anos atr√°s,5,Central,,
Z√© Latinhas,"Precisam melhorar o atendimento, tem bons eventos culturais com pre√ßos relativamente acess√≠veis... Mas j√° fui mal atendido.",um ano atr√°s,3,Central,,
Z√© Latinhas,Amo este restaurante. Visito a anos. Levei minha am8ga da Europa hoje e ela amou ‚Ä¶,11 meses atr√°s,5,Central,,
Z√© Latinhas,Muito legal muita gente bonita !,5 meses atr√°s,5,Central,,
Z√© Latinhas,"Lugar bem quente, comida mais ou menos e cerveja quente. Mas o ambiente √© lindo s√≥ falta melhorar a qualidade.",um ano atr√°s,3,Central,,
Z√© Latinhas,Top atendimento..lugar muito agrad√°vel,4 meses atr√°s,5,Central,,
Z√© Latinhas,"Bar alternativo. Sempre movimentado, principalmente √†s sextas-feiras e finais de semana.",8 meses atr√°s,5,Central,,
Z√© Latinhas,"Excelente pra Tomar uma gelada, no domingo aquele fim de tarde  ‚Ä¶",7 meses atr√°s,5,Central,,
Z√© Latinhas,Total descontra√ß√£o... gosto muito,3 meses atr√°s,5,Central,,
Z√© Latinhas,Como assim sexta feira n√£o tem cerveja gelada??? Chopp muito ruim...atendimento ruim,10 meses atr√°s,1,Central,,
Z√© Latinhas,fui assaltado no caixa e infelizmente tentaram jogar a culpa em mim. seguran√ßa e atendimento podre,9 meses atr√°s,1,Central,,
Z√© Latinhas,"Comidinhas sucesso, barzinho del√≠cia e cerveja gelada. O point do sucesso.",8 meses atr√°s,5,Central,,
Z√© Latinhas,"O atendimento √© ruim e isso descontr√≥i toda coisa boa que possa existir no bar, pois voc√™ ser√° mal atendido.",um ano atr√°s,1,Central,,
Z√© Latinhas,"vc pergunta para a atendente se tem chopp escuro e ela responde ""tem pilsen e ipa"", vc pergunta de novo e ela responde a mesma coisa",9 meses atr√°s,1,Central,,
Z√© Latinhas,Comida saborosa - por quilo. Restaurante com mais de 50 anos no mercado. Uma √≥tima op√ß√£o para quem est√° caminhando pelo centro de Goi√¢nia.,um ano atr√°s,4,Central,,
Z√© Latinhas,Lugar muito agrad√°vel e de bom atendimento.,5 meses atr√°s,5,Central,,
Z√© Latinhas,"Um bom rol√™ de domingo, caipirinha muito boa, galera legal",7 meses atr√°s,4,Central,,
Z√© Latinhas,Alternativo e vivo .,uma semana atr√°s,5,Central,,
Z√© Latinhas,"Um ambiente extrovertido, fui com amigos(as) e foi bem divertido. Rola shows, samba e discotecagem.",8 meses atr√°s,5,Central,,
Z√© Latinhas,"J√° foi melhor, qualidade caiu bastante.",7 meses atr√°s,3,Central,,
Z√© Latinhas,Boa m√∫sica instrumental ao vivo e uma batida com ch√° e outras coisas que te faz pedir mais!,um ano atr√°s,5,Central,,
Z√© Latinhas,"√ìtimo ambiente e atendimento. Ameii
",um ano atr√°s,5,Central,,
Z√© Latinhas,"Bom atendimento, pre√ßos justos, local respeitoso LGBTQIAPN+ friendly",9 meses atr√°s,4,Central,,
Z√© Latinhas,"Ambiente agrad√°vel, m√∫sica boa, pre√ßos acess√≠veis e o mais importante: seguindo os protocolos de preven√ß√£o a Covid-19! Vale muito a pena conhecer o Z√© Latinhas",2 anos atr√°s,5,Central,,
Z√© Latinhas,"Um lugar acolhedor com √≥timo atendimento!! Uma excelente oportunidade para ir ao Centro de Goi√¢nia.  Ao lado do Cine Ritz, que espero, logo reabrir√° para contribuir com o charme do local.",2 anos atr√°s,5,Central,,
Z√© Latinhas,"Ameiii o clima do lugar, bem a vontade e aquele bolinho de costelinha, passei dias falando dele rs",um ano atr√°s,5,Central,,
Z√© Latinhas,"M√∫sica ao vivo, p√∫blico alternativo.
Liberdade para ser quem vc √© !",10 meses atr√°s,5,Central,,
Z√© Latinhas,"Ambiente alternativo, m√∫sica boa, chopp ipa de √≥tima qualidade, lugar indispens√°vel no Centro. Parab√©ns!",um ano atr√°s,5,Central,,
Z√© Latinhas,"Ambiente agrad√°vel, atendimento bom fui pra almo√ßar, parece que a noite √© mais legal.",um ano atr√°s,4,Central,,
Z√© Latinhas,"Lugar muito legal para o fim da tarde, por√©m a m√∫sica √© desanimada.",um ano atr√°s,4,Central,,
Z√© Latinhas,"Restaurante maravilhoso! Lugar aconchegante, comida deliciosa e bebida bem geladinha! Recomendo!",um ano atr√°s,5,Central,,
Z√© Latinhas,"Drinks √≥timos e baratos, m√∫sica boa e um lugar muito bem frequentado",um ano atr√°s,5,Central,,
Z√© Latinhas,"Ambiente agrad√°vel, atendimento exelente, gar√ßons gentis",9 meses atr√°s,5,Central,,
Z√© Latinhas,"Muito bom, ambiente agrad√°vel √≥timo atendimento feira de disco da hora vlw...",um ano atr√°s,5,Central,,
Z√© Latinhas,"Ambiente aconchegante, cerveja gelada, √≥timo atendimento. Distanciamento social Respeitado, √≥tima localiza√ß√£o no centro",um ano atr√°s,5,Central,,
Z√© Latinhas,"M√∫sica boa, por√©m, atendimento ruim, mais de 30 min para entrega de pedido.",um ano atr√°s,1,Central,,
Z√© Latinhas,"Maravilhoso, muita gente bonita, lugar agrad√°vel bebida boa",um ano atr√°s,5,Central,,
Z√© Latinhas,"Lugar super alternativo, charmoso e convidativo! Bem no centro da cidade! Del√≠cia de lugar",um ano atr√°s,5,Central,,
Z√© Latinhas,Lugar super alto astral e comida excelente. Um dos points do centr√£o,um ano atr√°s,5,Central,,
Z√© Latinhas,"Falta ter 600 e cerveja em lata, apenas chopp fica muito dif√≠cil :( mas √≥timo lugar",um ano atr√°s,3,Central,,
Z√© Latinhas,"Promove bons eventos, drinks acess√≠veis e gostosos, cerveja gelada e bom atendimento!",um ano atr√°s,5,Central,,
Z√© Latinhas,Dancei at√© as perna ficar mole foi incr√≠vel,8 meses atr√°s,5,Central,,
Z√© Latinhas,"Amei ... atendimento sensacional, comida boa e Chopp muito gelado",um ano atr√°s,5,Central,,
Z√© Latinhas,"Muito bom
",um ano atr√°s,5,Central,,
Z√© Latinhas,Teve comemora√ß√£o da vit√≥ria do Lula e foi lindo,8 meses atr√°s,5,Central,,
Z√© Latinhas,"Tem que melhorar atendimento dos gar√ßons, mas tudo que consumi estava √≥timo!",um ano atr√°s,3,Central,,
Z√© Latinhas,"Gosto do ambiente alternativo, s√≥ a bebida que deveria sair mais gelada.",um ano atr√°s,5,Central,,
Z√© Latinhas,"Acredito q quando fui estavam em festa, ent estava meio desorganizado.",um ano atr√°s,3,Central,,
Z√© Latinhas,"Muito  bom ,chopp √≥timo e barato,√≥timas comidas  ,lugar bem higi√™nico",um ano atr√°s,5,Central,,
Z√© Latinhas,"Um bar gourmet, estava lotado, mas a comida √© gostosa",9 meses atr√°s,5,Central,,
Z√© Latinhas,"Bebida, comida e atendimento perfeito. M√∫sica ambiente agradabil√≠ssima.",um ano atr√°s,5,Central,,
Z√© Latinhas,N√£o serve cerveja em lata e tem poucas op√ß√µes de petiscos,um ano atr√°s,3,Central,,
Z√© Latinhas,Comida boa. Ambiente limpo. Atendimento bom. Espa√ßo pequeno. No geral custo benef√≠cio vale a pena.,4 anos atr√°s,4,Central,,
Z√© Latinhas,Comida bem tradicional do centro da cidade. Vale a pena conferir e apreciar o √≥timo sabor.,2 anos atr√°s,5,Central,,
Z√© Latinhas,Local super descontra√≠do e charmoso! Adorei! Vale a visita!,um ano atr√°s,5,Central,,
Z√© Latinhas,"Ambiente agrad√°vel, m√∫sica ao vivo.",9 meses atr√°s,5,Central,,
Z√© Latinhas,Quando toca Samba eu amo.,10 meses atr√°s,5,Central,,
Z√© Latinhas,"Bom atendimento, chopp gelado, boa m√∫sica",um ano atr√°s,5,Central,,
Z√© Latinhas,"Adoro almo√ßar a√≠, pois lembro do meu av√¥, que eu sempre ia c ele e lembro q ele falava q era a melhor cerveja",4 anos atr√°s,5,Central,,
Z√© Latinhas,"Muito bom,√≥timo atendimento,pre√ßos em conta.comidas variadas.",um ano atr√°s,5,Central,,
Z√© Latinhas,"Comida muito bem feita, leve e variada. Ela √© reposta o tempo todo. E com √≥timo pre√ßo. Aceita cart√£o e caf√© com rapadura por conta.",5 anos atr√°s,5,Central,,
Z√© Latinhas,Um bom lugar pra tomar umas e curtir um sambinha de rua,um ano atr√°s,4,Central,,
Z√© Latinhas,"Comida maravilhos Mais
Pre√ßo por pessoa
R$ 20‚Äì40‚Ä¶",4 dias atr√°s,5,Central,,
Z√© Latinhas,Muito bom e democr√°tico. √â o bar da juventude.,um ano atr√°s,5,Central,,
Z√© Latinhas,"Atendimento muito bom, ambiente acolhedor, boa localiza√ß√£o",um ano atr√°s,4,Central,,
Z√© Latinhas,Bom mas pode melhorar.,7 meses atr√°s,3,Central,,
Z√© Latinhas,"M√∫sica boa
Ambiente agrad√°vel
Bom atendimento",um ano atr√°s,5,Central,,
Z√© Latinhas,"Del√≠cia Mais
Pre√ßo por pessoa
R$ 40‚Äì60‚Ä¶",um m√™s atr√°s,5,Central,,
Z√© Latinhas,N√£o gostei muito demorou o atendimento,9 meses atr√°s,1,Central,,
Z√© Latinhas,"Barzinho do baixo centro, cerveja gelada, m√∫sica top!",um ano atr√°s,5,Central,,
Z√© Latinhas,"Adoro esse lugar!!! Bar de energia boa!!!
",11 meses atr√°s,5,Central,,
Z√© Latinhas,N√£o foi na Ana n√£o  ‚Ä¶,6 meses atr√°s,1,Central,,
Z√© Latinhas,"Ambiente agrad√°vel, com pessoas incr√≠veis nos atendendo",um ano atr√°s,5,Central,,
Z√© Latinhas,√ìtimo lugar com m√∫sica a beira da rua,um ano atr√°s,5,Central,,
Z√© Latinhas,√ìtimo bar no centro de Goi√¢nia.,9 meses atr√°s,5,Central,,
Z√© Latinhas,"Local , ambiente interessantes!",9 meses atr√°s,4,Central,,
Z√© Latinhas,Reavivando o centro!!!,3 meses atr√°s,4,Central,,
Z√© Latinhas,Amo esse lugar,6 meses atr√°s,5,Central,,
Z√© Latinhas,"M√∫sica e atendimento impec√°vel, um √≥timo lugar.",um ano atr√°s,5,Central,,
Z√© Latinhas,Maravilhoso!,2 meses atr√°s,4,Central,,
Z√© Latinhas,Lugar maravilhoso e com um atendimento excelente!,8 meses atr√°s,5,Central,,
Z√© Latinhas,Meu ref√∫gio em Goiania,3 meses atr√°s,5,Central,,
Z√© Latinhas,"Bom, alternativo.",5 meses atr√°s,3,Central,,
Z√© Latinhas,"Lugar simples, por√©m muito limpo e organizado.A comida √© muito boa!!",4 anos atr√°s,5,Central,,
Z√© Latinhas,"√ìtimo lugar, √≥timas m√∫sicas, poucas mesas",um ano atr√°s,5,Central,,
Z√© Latinhas,"Ambiente bom, comida boa com pre√ßo justo. Recomendo",4 anos atr√°s,5,Central,,
Z√© Latinhas,"Bacana demais o espa√ßo, no Centro da Capital. Valeu!",um ano atr√°s,5,Central,,
Z√© Latinhas,√ìtimo atendimento! @s atendentes s√£o lindes!!,um ano atr√°s,5,Central,,
Z√© Latinhas,Gostei. Ambiente saud√°vel  ‚Ä¶,8 meses atr√°s,5,Central,,
Z√© Latinhas,"a 14 anos frequento o latinhas , e a sua comida at√© hoje e impec√°vel!!",2 anos atr√°s,5,Central,,
Z√© Latinhas,"Poucas op√ß√µes, comi fria, tempero muito forte, alguns itens muito salgado",2 anos atr√°s,1,Central,,
Z√© Latinhas,Agradavel,3 meses atr√°s,5,Central,,
Z√© Latinhas,"Muito bom,toda vez que venho pra Goi√¢nia almo√ßo l√°",2 anos atr√°s,5,Central,,
Z√© Latinhas,√ìtimo lugar,4 meses atr√°s,5,Central,,
Z√© Latinhas,"Muito bom,  l√° tem um peixe empanado maravilhoso...",4 anos atr√°s,5,Central,,
Z√© Latinhas,√ìtimo... lugar e pessoas,8 meses atr√°s,5,Central,,
Z√© Latinhas,√ìtimo sempre almo√ßo L√° com meus filhos..,3 anos atr√°s,3,Central,,
Z√© Latinhas,Excelentes √≥tima comida bom atendimento  ‚Ä¶,2 anos atr√°s,5,Central,,
Z√© Latinhas,Lugarzinho mto legal com p√∫blico alternativo .,um ano atr√°s,5,Central,,
Z√© Latinhas,muito atrativo,4 meses atr√°s,5,Central,,
Z√© Latinhas,Pre√ßo justo √© comida muito boa. Boa localiza√ß√£o e bom atendimento.,6 anos atr√°s,4,Central,,
Z√© Latinhas,Ambiente aconchegante e atendimento de qualidade.,um ano atr√°s,5,Central,,
Z√© Latinhas,"Bar de cal√ßada no centro, rol√™ perfeito",um ano atr√°s,4,Central,,
Z√© Latinhas,Muito bom,10 meses atr√°s,5,Central,,
Z√© Latinhas,EXCELENTE recomendo demais irem ao Z√© Latinhas  ‚Ä¶,um ano atr√°s,5,Central,,
Z√© Latinhas,Local muito agrad√°vel,6 meses atr√°s,5,Central,,
Z√© Latinhas,"Ambiente familiar, respeitoso e comida simples e saborosa.",4 anos atr√°s,5,Central,,
Z√© Latinhas,Top demais,3 meses atr√°s,5,Central,,
Z√© Latinhas,Comida variada muito bem feita tempero leve e √≥timo pre√ßo,5 anos atr√°s,4,Central,,
Z√© Latinhas,"Comida caseira, simpes mas bem feita. Bom atendimento",4 anos atr√°s,4,Central,,
Z√© Latinhas,Otimo lugar muito animado com atendimento muito bom,um ano atr√°s,5,Central,,
Z√© Latinhas,Ambiente aconchegante,5 meses atr√°s,5,Central,,
Z√© Latinhas,"L√° √© maravilhoso pra quem curte diversidade
",um ano atr√°s,5,Central,,
Z√© Latinhas,"P√©ssimo, n√£o gostei",8 meses atr√°s,1,Central,,
Z√© Latinhas,Boa comida e √≥timo atendimento,um ano atr√°s,5,Central,,
Z√© Latinhas,√ìtimo lugar,5 meses atr√°s,5,Central,,
Z√© Latinhas,Lugar limpo e comida e pre√ßo bom.,4 anos atr√°s,4,Central,,
Z√© Latinhas,Lugar muito agrad√°vel no centro de gyn,um ano atr√°s,5,Central,,
Z√© Latinhas,"√ìtimo lugar, culin√°ria excelente.",2 anos atr√°s,5,Central,,
Z√© Latinhas,Gostei,6 meses atr√°s,4,Central,,
Z√© Latinhas,Restaurante h√° 52 anos na ativa. Comida caseira barata,4 anos atr√°s,4,Central,,
Z√© Latinhas,O atendimento deixa um pouco a desejar,um ano atr√°s,4,Central,,
Z√© Latinhas,Lugar massa pra conversar com os amigos,um ano atr√°s,5,Central,,
Z√© Latinhas,"Refei√ß√£o um pouco caro ,mas de √≥tima qualidade",4 anos atr√°s,4,Central,,
Z√© Latinhas,Lugar excelente!!!!,7 meses atr√°s,5,Central,,
Z√© Latinhas,Lugar para explorar,7 meses atr√°s,5,Central,,
Z√© Latinhas,Lugar muito agrad√°vel,7 meses atr√°s,5,Central,,
Z√© Latinhas,Pessoal super educados.,um ano atr√°s,5,Central,,
Z√© Latinhas,"Ruim,atendimento e comida nota 0",3 anos atr√°s,1,Central,,
Z√© Latinhas,Eu amo esse lugar,um ano atr√°s,5,Central,,
Z√© Latinhas,Comida muito boa. Pre√ßo compat√≠vel,5 anos atr√°s,4,Central,,
Z√© Latinhas,Bom lugar,2 anos atr√°s,3,Central,,
Z√© Latinhas,Bom parece seguro,um ano atr√°s,5,Central,,
Z√© Latinhas,Ze latinha sem latinha,um ano atr√°s,5,Central,,
Z√© Latinhas,Excelente atendimento e delicioso almo√ßo,5 anos atr√°s,5,Central,,
Z√© Latinhas,√ìtimo lugar,6 meses atr√°s,5,Central,,
Z√© Latinhas,Muito bom,2 anos atr√°s,5,Central,,
Z√© Latinhas,Otimo mesmo depois de 20 anos,4 anos atr√°s,5,Central,,
Z√© Latinhas,Um lugar bom pra se alimentar,2 anos atr√°s,5,Central,,
Z√© Latinhas,Um bom bar.,10 meses atr√°s,5,Central,,
Z√© Latinhas,"Comida boa, atendimento bom.",5 anos atr√°s,4,Central,,
Z√© Latinhas,Melhor restaurante que j√° fui,3 anos atr√°s,5,Central,,
Z√© Latinhas,Lugar aconchegante e comida gostosa,2 anos atr√°s,5,Central,,
Z√© Latinhas,Otimo,10 meses atr√°s,5,Central,,
Z√© Latinhas,√ìtimo como sempre,um ano atr√°s,5,Central,,
Z√© Latinhas,A caipirinha √© maravilhosa!,um ano atr√°s,5,Central,,
Z√© Latinhas,Ambiente incr√≠vel,um ano atr√°s,5,Central,,
Z√© Latinhas,Lugar excelente,um ano atr√°s,5,Central,,
Z√© Latinhas,Pela qualidade das comidas e o atendimento,4 anos atr√°s,4,Central,,
Z√© Latinhas,Atendimento excelente!,um ano atr√°s,5,Central,,
Z√© Latinhas,√ìtimo,um ano atr√°s,5,Central,,
Z√© Latinhas,Foi bom.,4 anos atr√°s,4,Central,,
Z√© Latinhas,Ambiente bom.,um ano atr√°s,5,Central,,
Z√© Latinhas,Atendimento diferenciado e comida deliciosa.,3 anos atr√°s,5,Central,,
Z√© Latinhas,Muito limpo e comida gostosa,5 anos atr√°s,5,Central,,
Z√© Latinhas,Excelente qualidade do almo√ßo,4 anos atr√°s,5,Central,,
Z√© Latinhas,MUITO BOA,2 anos atr√°s,5,Central,,
Z√© Latinhas,Postei h√° meia hora,4 anos atr√°s,4,Central,,
Z√© Latinhas,Melhor atendimento,um ano atr√°s,5,Central,,
Z√© Latinhas,Foi Agrad√°vel!!,3 anos atr√°s,4,Central,,
Z√© Latinhas,Muito bom!,um ano atr√°s,5,Central,,
Z√© Latinhas,Boa m√∫sica,um ano atr√°s,5,Central,,
Z√© Latinhas,Muito bom!,2 anos atr√°s,5,Central,,
Z√© Latinhas,Boa,10 meses atr√°s,5,Central,,
Z√© Latinhas,"Comida Boa, gar√ßons gentilmente.",3 anos atr√°s,5,Central,,
Z√© Latinhas,O cupim assado delicioso.,3 anos atr√°s,4,Central,,
Z√© Latinhas,Comida excelente.,um ano atr√°s,5,Central,,
Z√© Latinhas,Chopp campe√£o!,2 anos atr√°s,5,Central,,
Z√© Latinhas,P√©ssimo,um ano atr√°s,1,Central,,
Z√© Latinhas,Caro,um ano atr√°s,3,Central,,
Z√© Latinhas,Bonzinho,um ano atr√°s,4,Central,,
Z√© Latinhas,Inesquec√≠vel,7 meses atr√°s,5,Central,,
Z√© Latinhas,√â  bom,3 anos atr√°s,3,Central,,
Z√© Latinhas,Cremoso,um ano atr√°s,5,Central,,
Z√© Latinhas,Atendimento excelente,um ano atr√°s,5,Central,,
Z√© Latinhas,√ìtimo.,4 anos atr√°s,5,Central,,
Z√© Latinhas,Mais mesas;,um ano atr√°s,2,Central,,
Z√© Latinhas,Bom demais,2 anos atr√°s,5,Central,,
Z√© Latinhas,Excelente comida por kilo.,5 anos atr√°s,5,Central,,
Z√© Latinhas,√ìtima comida,um ano atr√°s,5,Central,,
Z√© Latinhas,√ìtimo lugar.,3 anos atr√°s,5,Central,,
Z√© Latinhas,Foi,3 anos atr√°s,3,Central,,
Z√© Latinhas,Comida muito boa,5 anos atr√°s,4,Central,,
Z√© Latinhas,gostei,4 anos atr√°s,5,Central,,
Z√© Latinhas,Excelente!,5 anos atr√°s,4,Central,,
Z√© Latinhas,Boa refei√ß√£o,4 anos atr√°s,4,Central,,
Z√© Latinhas,Boa,11 meses atr√°s,3,Central,,
Z√© Latinhas,Boa comida,3 anos atr√°s,4,Central,,
Z√© Latinhas,Muito bom!,4 anos atr√°s,4,Central,,
Z√© Latinhas,Boa comidinha,4 anos atr√°s,5,Central,,
Z√© Latinhas,Comida fria,4 anos atr√°s,3,Central,,
Z√© Latinhas,Atendimento,Comida fria,5,Central,,
Z√© Latinhas,Aconchegante,3 anos atr√°s,4,Central,,
Z√© Latinhas,√ìtima!!!,2 anos atr√°s,5,Central,,
Z√© Latinhas,√ìtima comida,3 anos atr√°s,5,Central,,
Z√© Latinhas,Boa,um ano atr√°s,1,Central,,
Z√© Latinhas,Comida boa...,4 anos atr√°s,3,Central,,29/7
